{
  "model": "1.7b",
  "lens": "1.7b",
  "n_items": 198,
  "n_axis": 74,
  "bands": {
    "jlens": {
      "early": {
        "auc": 0.9931639628609326,
        "auc_shuffled": 0.5460667278849097,
        "selectivity": 0.44709723497602283
      },
      "workspace": {
        "auc": 0.9857157432915009,
        "auc_shuffled": 0.5460667278849097,
        "selectivity": 0.4396490154065912
      },
      "late": {
        "auc": 1.0,
        "auc_shuffled": 0.5019895928986838,
        "selectivity": 0.49801040710131617
      }
    },
    "logit": {
      "early": {
        "auc": 0.9263340475461688,
        "auc_shuffled": 0.5262728293031324,
        "selectivity": 0.4000612182430364
      },
      "workspace": {
        "auc": 0.9980614223038465,
        "auc_shuffled": 0.5124987246199367,
        "selectivity": 0.4855626976839098
      },
      "late": {
        "auc": 0.9998979695949393,
        "auc_shuffled": 0.4892357922660953,
        "selectivity": 0.510662177328844
      }
    }
  }
}