{
  "operator only": {
    "n": 224,
    "exact_match": 0.20089285714285715,
    "says_source": 0.14732142857142858,
    "says_other_operand": 0.017857142857142856,
    "margin": 5.78125,
    "delta_margin": 12.78515625,
    "delta_margin_lo": 7.730777994791667,
    "delta_margin_hi": 16.79886067708333,
    "rank_to": 174.41517857142858,
    "rank_to_median": 71.0,
    "top1": 0.0,
    "kl_ontask": 4.9453622326254845,
    "flip_frac": 1.0
  },
  "operand only": {
    "n": 224,
    "exact_match": 0.07589285714285714,
    "says_source": 0.375,
    "says_other_operand": 0.0,
    "margin": -0.13225446428571427,
    "delta_margin": 6.871651785714286,
    "delta_margin_lo": 4.316227213541667,
    "delta_margin_hi": 8.904947916666668,
    "rank_to": 274.89285714285717,
    "rank_to_median": 54.0,
    "top1": 0.0,
    "kl_ontask": 1.6823401294116462,
    "flip_frac": 0.5
  },
  "operator + operand": {
    "n": 224,
    "exact_match": 0.5178571428571429,
    "says_source": 0.13392857142857142,
    "says_other_operand": 0.017857142857142856,
    "margin": 5.923688616071429,
    "delta_margin": 12.927594866071429,
    "delta_margin_lo": 8.067896670386904,
    "delta_margin_hi": 16.953710937500002,
    "rank_to": 90.16071428571429,
    "rank_to_median": 2.0,
    "top1": 0.3169642857142857,
    "kl_ontask": 4.359303382890565,
    "flip_frac": 0.95
  },
  "operator + operand (held-out cell)": {
    "n": 224,
    "exact_match": 0.35714285714285715,
    "says_source": 0.1875,
    "says_other_operand": 0.017857142857142856,
    "margin": 4.478236607142857,
    "delta_margin": 11.482142857142858,
    "delta_margin_lo": 7.147753906249999,
    "delta_margin_hi": 15.068798828124999,
    "rank_to": 98.20535714285714,
    "rank_to_median": 5.0,
    "top1": 0.17857142857142858,
    "kl_ontask": 3.549563241856439,
    "flip_frac": 0.85
  },
  "operator + wrong operand": {
    "n": 224,
    "exact_match": 0.20089285714285715,
    "says_source": 0.11607142857142858,
    "says_other_operand": 0.34375,
    "margin": 5.392299107142857,
    "delta_margin": 12.396205357142858,
    "delta_margin_lo": 7.417231677827381,
    "delta_margin_hi": 16.323404947916664,
    "rank_to": 669.4910714285714,
    "rank_to_median": 205.5,
    "top1": 0.0,
    "kl_ontask": 5.495045968464443,
    "flip_frac": 1.0
  },
  "interaction only": {
    "n": 224,
    "exact_match": 0.07142857142857142,
    "says_source": 0.35267857142857145,
    "says_other_operand": 0.0,
    "margin": 1.5316685267857142,
    "delta_margin": 8.535574776785714,
    "delta_margin_lo": 5.444140625,
    "delta_margin_hi": 10.5740478515625,
    "rank_to": 905.9598214285714,
    "rank_to_median": 166.5,
    "top1": 0.0,
    "kl_ontask": 2.622342666078891,
    "flip_frac": 0.75
  },
  "full (donor)": {
    "n": 224,
    "exact_match": 0.5089285714285714,
    "says_source": 0.125,
    "says_other_operand": 0.017857142857142856,
    "margin": 6.788643973214286,
    "delta_margin": 13.792550223214286,
    "delta_margin_lo": 8.716324869791668,
    "delta_margin_hi": 17.851285807291667,
    "rank_to": 79.37053571428571,
    "rank_to_median": 2.0,
    "top1": 0.3125,
    "kl_ontask": 4.6690463955913275,
    "flip_frac": 1.0
  },
  "magnitude control": {
    "n": 224,
    "exact_match": 0.044642857142857144,
    "says_source": 0.33482142857142855,
    "says_other_operand": 0.0,
    "margin": -0.3832310267857143,
    "delta_margin": 6.620675223214286,
    "delta_margin_lo": 3.810310872395833,
    "delta_margin_hi": 8.782242838541666,
    "rank_to": 2889.0401785714284,
    "rank_to_median": 696.0,
    "top1": 0.0,
    "kl_ontask": 2.880573724529573,
    "flip_frac": 0.45
  },
  "_meta": {
    "tag": "1.7b",
    "domain": "relations",
    "scope": "band",
    "ws": [
      11,
      12,
      13,
      14,
      15,
      16,
      17,
      18,
      20,
      21,
      22,
      23,
      24
    ],
    "n_cells": 224,
    "clean_exact_from": 0.53125,
    "clean_exact_to": 0.03125,
    "clean_margin": -7.00390625,
    "clean_rank_to": 2156.973214285714,
    "bootstrap_unit": "operator (dyadic node), operands nested; CIs on \u0394margin"
  }
}