{
  "operator only": {
    "n": 224,
    "exact_match": 0.44642857142857145,
    "says_source": 0.19642857142857142,
    "says_other_operand": 0.013392857142857142,
    "margin": 5.271902901785714,
    "delta_margin": 12.275809151785714,
    "delta_margin_lo": 7.141861979166666,
    "delta_margin_hi": 16.511737351190472,
    "rank_to": 68.5625,
    "rank_to_median": 2.0,
    "top1": 0.3169642857142857,
    "kl_ontask": 3.9904522182685986,
    "flip_frac": 1.0
  },
  "operand only": {
    "n": 224,
    "exact_match": 0.03125,
    "says_source": 0.39285714285714285,
    "says_other_operand": 0.0,
    "margin": -2.7947823660714284,
    "delta_margin": 4.209123883928571,
    "delta_margin_lo": 2.379052734375,
    "delta_margin_hi": 5.6796875,
    "rank_to": 649.0089285714286,
    "rank_to_median": 106.0,
    "top1": 0.0,
    "kl_ontask": 1.09925226627716,
    "flip_frac": 0.25
  },
  "operator + operand": {
    "n": 224,
    "exact_match": 0.40625,
    "says_source": 0.18303571428571427,
    "says_other_operand": 0.013392857142857142,
    "margin": 5.210518973214286,
    "delta_margin": 12.214425223214286,
    "delta_margin_lo": 7.01884765625,
    "delta_margin_hi": 16.483756510416665,
    "rank_to": 75.30803571428571,
    "rank_to_median": 2.0,
    "top1": 0.29464285714285715,
    "kl_ontask": 3.9626535943576267,
    "flip_frac": 1.0
  },
  "operator + operand (held-out cell)": {
    "n": 224,
    "exact_match": 0.28125,
    "says_source": 0.2544642857142857,
    "says_other_operand": 0.008928571428571428,
    "margin": 4.335100446428571,
    "delta_margin": 11.339006696428571,
    "delta_margin_lo": 6.583882068452381,
    "delta_margin_hi": 15.454857235863095,
    "rank_to": 69.27232142857143,
    "rank_to_median": 2.0,
    "top1": 0.20982142857142858,
    "kl_ontask": 3.3145115226507187,
    "flip_frac": 0.9
  },
  "operator + wrong operand": {
    "n": 224,
    "exact_match": 0.40625,
    "says_source": 0.20535714285714285,
    "says_other_operand": 0.013392857142857142,
    "margin": 5.271623883928571,
    "delta_margin": 12.275530133928571,
    "delta_margin_lo": 7.147412109375,
    "delta_margin_hi": 16.504947916666666,
    "rank_to": 73.91517857142857,
    "rank_to_median": 2.0,
    "top1": 0.29017857142857145,
    "kl_ontask": 3.994285585092647,
    "flip_frac": 1.0
  },
  "interaction only": {
    "n": 224,
    "exact_match": 0.03125,
    "says_source": 0.39285714285714285,
    "says_other_operand": 0.0,
    "margin": -2.677734375,
    "delta_margin": 4.326171875,
    "delta_margin_lo": 2.3927571614583334,
    "delta_margin_hi": 5.848958333333333,
    "rank_to": 500.5669642857143,
    "rank_to_median": 115.0,
    "top1": 0.0,
    "kl_ontask": 1.1826270805405719,
    "flip_frac": 0.35
  },
  "full (donor)": {
    "n": 224,
    "exact_match": 0.40625,
    "says_source": 0.19196428571428573,
    "says_other_operand": 0.017857142857142856,
    "margin": 5.190150669642857,
    "delta_margin": 12.194056919642858,
    "delta_margin_lo": 6.857389322916666,
    "delta_margin_hi": 16.477587890625,
    "rank_to": 77.94196428571429,
    "rank_to_median": 2.5,
    "top1": 0.2857142857142857,
    "kl_ontask": 4.021143110202892,
    "flip_frac": 1.0
  },
  "magnitude control": {
    "n": 224,
    "exact_match": 0.04017857142857143,
    "says_source": 0.34375,
    "says_other_operand": 0.0,
    "margin": -2.298130580357143,
    "delta_margin": 4.705775669642857,
    "delta_margin_lo": 2.76123046875,
    "delta_margin_hi": 6.334700520833333,
    "rank_to": 563.4017857142857,
    "rank_to_median": 110.0,
    "top1": 0.0,
    "kl_ontask": 1.3344765326141246,
    "flip_frac": 0.4
  },
  "_meta": {
    "tag": "1.7b",
    "domain": "relations",
    "scope": "single",
    "ws": [
      17
    ],
    "n_cells": 224,
    "clean_exact_from": 0.53125,
    "clean_exact_to": 0.03125,
    "clean_margin": -7.00390625,
    "clean_rank_to": 2156.973214285714,
    "bootstrap_unit": "operator (dyadic node), operands nested; CIs on \u0394margin"
  }
}