{
  "band/all": {
    "n": 144,
    "delta_margin": 22.490342881944443,
    "delta_margin_lo": 13.860611979166666,
    "delta_margin_hi": 28.677083333333332,
    "norm_margin": 5.511111109036049,
    "rank_to_clean": 1402.5,
    "rank_to": 973.5,
    "top1": 0.0,
    "exact_match": 0.013888888888888888,
    "sign_correct": 1.0,
    "flip_frac": 1.0,
    "kl_ontask": 18.694615768061745,
    "kl_offtask": 18.734375
  },
  "band/query": {
    "n": 144,
    "delta_margin": 22.022135416666668,
    "delta_margin_lo": 14.06240234375,
    "delta_margin_hi": 27.518229166666668,
    "norm_margin": 5.512966475057688,
    "rank_to_clean": 1402.5,
    "rank_to": 862.0,
    "top1": 0.0,
    "exact_match": 0.013888888888888888,
    "sign_correct": 1.0,
    "flip_frac": 1.0,
    "kl_ontask": 18.167828076415592,
    "kl_offtask": 0.27437337239583337
  },
  "band/operand": {
    "n": 144,
    "delta_margin": 1.2463107638888888,
    "delta_margin_lo": 0.7005208333333334,
    "delta_margin_hi": 1.8606770833333333,
    "norm_margin": 0.2575918614734589,
    "rank_to_clean": 1402.5,
    "rank_to": 2636.0,
    "top1": 0.0,
    "exact_match": 0.0,
    "sign_correct": 0.2152777777777778,
    "flip_frac": 0.16666666666666666,
    "kl_ontask": 0.24485965233503115,
    "kl_offtask": 0.2693277994791667
  },
  "band/wrong": {
    "n": 144,
    "delta_margin": 2.369357638888889,
    "delta_margin_lo": 0.6302083333333334,
    "delta_margin_hi": 4.037825520833333,
    "norm_margin": 0.4674618858509293,
    "rank_to_clean": 1402.5,
    "rank_to": 708.5,
    "top1": 0.0,
    "exact_match": 0.0,
    "sign_correct": 0.3958333333333333,
    "flip_frac": 0.4166666666666667,
    "kl_ontask": 1.2172495666891336,
    "kl_offtask": 1.6949869791666667
  },
  "single/all": {
    "n": 144,
    "delta_margin": 9.013997395833334,
    "delta_margin_lo": 4.818912760416667,
    "delta_margin_hi": 11.971484374999998,
    "norm_margin": 2.2029688830911676,
    "rank_to_clean": 1402.5,
    "rank_to": 776.0,
    "top1": 0.0,
    "exact_match": 0.0,
    "sign_correct": 0.9444444444444444,
    "flip_frac": 1.0,
    "kl_ontask": 5.526367760366863,
    "kl_offtask": 6.23046875
  },
  "single/query": {
    "n": 144,
    "delta_margin": 9.266927083333334,
    "delta_margin_lo": 5.587174479166667,
    "delta_margin_hi": 11.427083333333334,
    "norm_margin": 2.3155025279511507,
    "rank_to_clean": 1402.5,
    "rank_to": 155.0,
    "top1": 0.0,
    "exact_match": 0.027777777777777776,
    "sign_correct": 0.9722222222222222,
    "flip_frac": 1.0,
    "kl_ontask": 4.043189516497983,
    "kl_offtask": 0.0354007085164388
  },
  "single/operand": {
    "n": 144,
    "delta_margin": 1.1573350694444444,
    "delta_margin_lo": 0.640625,
    "delta_margin_hi": 1.6601888020833329,
    "norm_margin": 0.2234927234534717,
    "rank_to_clean": 1402.5,
    "rank_to": 1185.5,
    "top1": 0.0,
    "exact_match": 0.0,
    "sign_correct": 0.22916666666666666,
    "flip_frac": 0.25,
    "kl_ontask": 0.09345426634859501,
    "kl_offtask": 0.0513458251953125
  },
  "single/wrong": {
    "n": 144,
    "delta_margin": 0.744140625,
    "delta_margin_lo": 0.41558593750000006,
    "delta_margin_hi": 1.2265625,
    "norm_margin": 0.15787062486128647,
    "rank_to_clean": 1402.5,
    "rank_to": 1000.5,
    "top1": 0.0,
    "exact_match": 0.0,
    "sign_correct": 0.1736111111111111,
    "flip_frac": 0.08333333333333333,
    "kl_ontask": 0.03206372555319427,
    "kl_offtask": 0.05411783854166667
  },
  "_dose": [
    {
      "scope": "band",
      "position": "all",
      "alpha": 0.1,
      "exact_match": 0.08333333333333333,
      "delta_margin": 9.086805555555555,
      "n": 144
    },
    {
      "scope": "band",
      "position": "all",
      "alpha": 0.25,
      "exact_match": 0.05555555555555555,
      "delta_margin": 13.291883680555555,
      "n": 144
    },
    {
      "scope": "band",
      "position": "all",
      "alpha": 0.5,
      "exact_match": 0.0,
      "delta_margin": 16.27907986111111,
      "n": 144
    },
    {
      "scope": "band",
      "position": "all",
      "alpha": 1.0,
      "exact_match": 0.0,
      "delta_margin": 19.179850260416668,
      "n": 144
    },
    {
      "scope": "band",
      "position": "all",
      "alpha": 2.0,
      "exact_match": 0.013888888888888888,
      "delta_margin": 21.365397135416668,
      "n": 144
    },
    {
      "scope": "band",
      "position": "all",
      "alpha": 4.0,
      "exact_match": 0.013888888888888888,
      "delta_margin": 22.490342881944443,
      "n": 144
    },
    {
      "scope": "band",
      "position": "all",
      "alpha": 8.0,
      "exact_match": 0.013888888888888888,
      "delta_margin": 22.839518229166668,
      "n": 144
    },
    {
      "scope": "band",
      "position": "query",
      "alpha": 0.1,
      "exact_match": 0.027777777777777776,
      "delta_margin": 7.171657986111111,
      "n": 144
    },
    {
      "scope": "band",
      "position": "query",
      "alpha": 0.25,
      "exact_match": 0.06944444444444445,
      "delta_margin": 12.671875,
      "n": 144
    },
    {
      "scope": "band",
      "position": "query",
      "alpha": 0.5,
      "exact_match": 0.034722222222222224,
      "delta_margin": 15.34619140625,
      "n": 144
    },
    {
      "scope": "band",
      "position": "query",
      "alpha": 1.0,
      "exact_match": 0.013888888888888888,
      "delta_margin": 17.997178819444443,
      "n": 144
    },
    {
      "scope": "band",
      "position": "query",
      "alpha": 2.0,
      "exact_match": 0.013888888888888888,
      "delta_margin": 20.427490234375,
      "n": 144
    },
    {
      "scope": "band",
      "position": "query",
      "alpha": 4.0,
      "exact_match": 0.013888888888888888,
      "delta_margin": 22.022135416666668,
      "n": 144
    },
    {
      "scope": "band",
      "position": "query",
      "alpha": 8.0,
      "exact_match": 0.013888888888888888,
      "delta_margin": 22.606553819444443,
      "n": 144
    },
    {
      "scope": "single",
      "position": "query",
      "alpha": 0.1,
      "exact_match": 0.0,
      "delta_margin": 0.3763020833333333,
      "n": 144
    },
    {
      "scope": "single",
      "position": "query",
      "alpha": 0.25,
      "exact_match": 0.0,
      "delta_margin": 1.0618489583333333,
      "n": 144
    },
    {
      "scope": "single",
      "position": "query",
      "alpha": 0.5,
      "exact_match": 0.0,
      "delta_margin": 2.5707465277777777,
      "n": 144
    },
    {
      "scope": "single",
      "position": "query",
      "alpha": 1.0,
      "exact_match": 0.013888888888888888,
      "delta_margin": 6.032118055555555,
      "n": 144
    },
    {
      "scope": "single",
      "position": "query",
      "alpha": 2.0,
      "exact_match": 0.04861111111111111,
      "delta_margin": 8.648003472222221,
      "n": 144
    },
    {
      "scope": "single",
      "position": "query",
      "alpha": 4.0,
      "exact_match": 0.027777777777777776,
      "delta_margin": 9.266927083333334,
      "n": 144
    },
    {
      "scope": "single",
      "position": "query",
      "alpha": 8.0,
      "exact_match": 0.0,
      "delta_margin": 10.020182291666666,
      "n": 144
    }
  ],
  "_meta": {
    "tag": "1.7b",
    "domain": "animals",
    "alpha": 4.0,
    "ws": [
      11,
      12,
      13,
      14,
      15,
      16,
      17,
      18,
      20,
      21,
      22,
      23,
      24
    ],
    "single_layer": 17,
    "positions": {
      "all": "all",
      "query": [
        -1
      ],
      "operand": [
        -2
      ],
      "wrong": [
        0
      ]
    },
    "bootstrap_unit": "operator (dyadic node), operands nested",
    "note": "rank columns are medians; \u0394margin CIs are 95% cluster bootstrap"
  }
}