{
  "margin_pp": 5.0,
  "composed - donor": {
    "n_cells": 224,
    "diff": 0.008928571428571428,
    "ci95": [
      -0.06944444444444445,
      0.08333333333333334
    ],
    "ci90": [
      -0.05208333333333333,
      0.07291666666666666
    ],
    "tost_equivalent_5pp": false
  },
  "full - composed (interaction adds?)": {
    "n_cells": 224,
    "diff": -0.008928571428571428,
    "ci95": [
      -0.08333333333333334,
      0.06944444444444445
    ],
    "ci90": [
      -0.07291666666666666,
      0.05208333333333333
    ],
    "tost_equivalent_5pp": false
  },
  "composed - clean ceiling": {
    "n_cells": 224,
    "diff": -0.013392857142857142,
    "ci95": [
      -0.16666666666666669,
      0.15625
    ],
    "ci90": [
      -0.13541666666666666,
      0.11458333333333333
    ],
    "tost_equivalent_5pp": false
  },
  "held-out composed - donor": {
    "n_cells": 224,
    "diff": -0.15178571428571427,
    "ci95": [
      -0.3333333333333333,
      0.02083333333333333
    ],
    "ci90": [
      -0.29761904761904756,
      0.0
    ],
    "tost_equivalent_5pp": false
  },
  "loo_operator": {
    "currency": {
      "contrast": 21.852066040039062,
      "lo": 11.03174031575521,
      "hi": 32.83828531901041,
      "flip_frac": 1.0,
      "n_pairs": 12
    },
    "capital": {
      "contrast": 18.77001190185547,
      "lo": 10.970068359375,
      "hi": 25.73099975585937,
      "flip_frac": 1.0,
      "n_pairs": 12
    },
    "language": {
      "contrast": 20.752821180555557,
      "lo": 10.879693603515626,
      "hi": 34.48448893229167,
      "flip_frac": 1.0,
      "n_pairs": 12
    },
    "demonym": {
      "contrast": 25.73849826388889,
      "lo": 18.095564778645834,
      "hi": 34.6520751953125,
      "flip_frac": 1.0,
      "n_pairs": 12
    },
    "continent": {
      "contrast": 25.83515167236328,
      "lo": 13.87225341796875,
      "hi": 34.581868489583336,
      "flip_frac": 1.0,
      "n_pairs": 12
    },
    "_range": [
      18.77001190185547,
      25.83515167236328
    ]
  }
}