{
  "operator only": {
    "n": 144,
    "exact_match": 0.0,
    "says_source": 0.0,
    "says_other_operand": 0.0,
    "margin": 3.2105034722222223,
    "delta_margin": 6.935329861111111,
    "delta_margin_lo": 4.598893229166666,
    "delta_margin_hi": 8.700520833333334,
    "rank_to": 650.875,
    "rank_to_median": 134.0,
    "top1": 0.0,
    "kl_ontask": 1.3022784826656182,
    "flip_frac": 0.9166666666666666
  },
  "operand only": {
    "n": 144,
    "exact_match": 0.0,
    "says_source": 0.0,
    "says_other_operand": 0.0,
    "margin": -0.0842013888888889,
    "delta_margin": 3.640625,
    "delta_margin_lo": 2.3463541666666665,
    "delta_margin_hi": 4.6796875,
    "rank_to": 1134.0902777777778,
    "rank_to_median": 338.5,
    "top1": 0.0,
    "kl_ontask": 0.5230594550569853,
    "flip_frac": 0.4166666666666667
  },
  "operator + operand": {
    "n": 144,
    "exact_match": 0.020833333333333332,
    "says_source": 0.0,
    "says_other_operand": 0.006944444444444444,
    "margin": 3.0679253472222223,
    "delta_margin": 6.792751736111111,
    "delta_margin_lo": 4.5494140624999995,
    "delta_margin_hi": 8.561197916666666,
    "rank_to": 446.40277777777777,
    "rank_to_median": 102.0,
    "top1": 0.0,
    "kl_ontask": 1.1641083456989791,
    "flip_frac": 0.9166666666666666
  },
  "operator + operand (held-out cell)": {
    "n": 144,
    "exact_match": 0.006944444444444444,
    "says_source": 0.0,
    "says_other_operand": 0.0,
    "margin": 1.921875,
    "delta_margin": 5.646701388888889,
    "delta_margin_lo": 3.7994791666666665,
    "delta_margin_hi": 7.127604166666667,
    "rank_to": 553.3333333333334,
    "rank_to_median": 149.0,
    "top1": 0.0,
    "kl_ontask": 0.8678443810592095,
    "flip_frac": 0.75
  },
  "operator + wrong operand": {
    "n": 144,
    "exact_match": 0.013888888888888888,
    "says_source": 0.0,
    "says_other_operand": 0.0,
    "margin": 3.205078125,
    "delta_margin": 6.929904513888889,
    "delta_margin_lo": 4.578125,
    "delta_margin_hi": 8.691184895833333,
    "rank_to": 943.6736111111111,
    "rank_to_median": 200.0,
    "top1": 0.0,
    "kl_ontask": 1.4069574885070324,
    "flip_frac": 1.0
  },
  "interaction only": {
    "n": 144,
    "exact_match": 0.0,
    "says_source": 0.0,
    "says_other_operand": 0.0,
    "margin": 0.7109375,
    "delta_margin": 4.435763888888889,
    "delta_margin_lo": 2.6796614583333334,
    "delta_margin_hi": 6.018229166666666,
    "rank_to": 1852.2222222222222,
    "rank_to_median": 428.5,
    "top1": 0.0,
    "kl_ontask": 0.8354023264514076,
    "flip_frac": 0.6666666666666666
  },
  "full (donor)": {
    "n": 144,
    "exact_match": 0.020833333333333332,
    "says_source": 0.0,
    "says_other_operand": 0.006944444444444444,
    "margin": 3.5950520833333335,
    "delta_margin": 7.319878472222222,
    "delta_margin_lo": 4.713541666666667,
    "delta_margin_hi": 9.3901171875,
    "rank_to": 608.6875,
    "rank_to_median": 93.0,
    "top1": 0.0,
    "kl_ontask": 1.373969045157234,
    "flip_frac": 0.9166666666666666
  },
  "magnitude control": {
    "n": 144,
    "exact_match": 0.0,
    "says_source": 0.0,
    "says_other_operand": 0.0,
    "margin": -0.18619791666666666,
    "delta_margin": 3.5386284722222223,
    "delta_margin_lo": 2.03125,
    "delta_margin_hi": 4.848958333333333,
    "rank_to": 2377.6458333333335,
    "rank_to_median": 846.0,
    "top1": 0.0,
    "kl_ontask": 0.87021340119342,
    "flip_frac": 0.5
  },
  "_meta": {
    "tag": "1.7b",
    "domain": "animals",
    "scope": "band",
    "ws": [
      11,
      12,
      13,
      14,
      15,
      16,
      17,
      18,
      20,
      21,
      22,
      23,
      24
    ],
    "n_cells": 144,
    "clean_exact_from": 0.0625,
    "clean_exact_to": 0.0,
    "clean_margin": -3.724826388888889,
    "clean_rank_to": 2937.3680555555557,
    "bootstrap_unit": "operator (dyadic node), operands nested; CIs on \u0394margin"
  }
}