{
  "operator only": {
    "n": 144,
    "exact_match": 0.034722222222222224,
    "says_source": 0.0,
    "says_other_operand": 0.0,
    "margin": 5.220269097222222,
    "delta_margin": 11.50368923611111,
    "delta_margin_lo": 6.90625,
    "delta_margin_hi": 14.598958333333334,
    "rank_to": 306.5486111111111,
    "rank_to_median": 100.5,
    "top1": 0.0,
    "kl_ontask": 1.7946082419819303,
    "flip_frac": 1.0
  },
  "operand only": {
    "n": 144,
    "exact_match": 0.0,
    "says_source": 0.0,
    "says_other_operand": 0.0,
    "margin": -0.06032986111111111,
    "delta_margin": 6.223090277777778,
    "delta_margin_lo": 4.059830729166666,
    "delta_margin_hi": 7.783854166666667,
    "rank_to": 403.7916666666667,
    "rank_to_median": 207.5,
    "top1": 0.0,
    "kl_ontask": 0.7396166905139884,
    "flip_frac": 0.5
  },
  "operator + operand": {
    "n": 144,
    "exact_match": 0.0763888888888889,
    "says_source": 0.0,
    "says_other_operand": 0.0,
    "margin": 4.898003472222222,
    "delta_margin": 11.18142361111111,
    "delta_margin_lo": 6.536263020833333,
    "delta_margin_hi": 14.0755859375,
    "rank_to": 61.666666666666664,
    "rank_to_median": 37.0,
    "top1": 0.0,
    "kl_ontask": 1.4496010910305712,
    "flip_frac": 1.0
  },
  "operator + operand (held-out cell)": {
    "n": 144,
    "exact_match": 0.027777777777777776,
    "says_source": 0.0,
    "says_other_operand": 0.0,
    "margin": 2.810329861111111,
    "delta_margin": 9.09375,
    "delta_margin_lo": 5.200520833333334,
    "delta_margin_hi": 11.7578125,
    "rank_to": 118.15277777777777,
    "rank_to_median": 84.5,
    "top1": 0.0,
    "kl_ontask": 1.1006690818402503,
    "flip_frac": 1.0
  },
  "operator + wrong operand": {
    "n": 144,
    "exact_match": 0.04861111111111111,
    "says_source": 0.0,
    "says_other_operand": 0.027777777777777776,
    "margin": 4.970920138888889,
    "delta_margin": 11.254340277777779,
    "delta_margin_lo": 6.9138671875,
    "delta_margin_hi": 14.256575520833334,
    "rank_to": 598.0694444444445,
    "rank_to_median": 172.5,
    "top1": 0.0,
    "kl_ontask": 2.0325617806779013,
    "flip_frac": 1.0
  },
  "interaction only": {
    "n": 144,
    "exact_match": 0.013888888888888888,
    "says_source": 0.006944444444444444,
    "says_other_operand": 0.0,
    "margin": 2.4537760416666665,
    "delta_margin": 8.737196180555555,
    "delta_margin_lo": 6.114583333333333,
    "delta_margin_hi": 10.830891927083332,
    "rank_to": 850.4722222222222,
    "rank_to_median": 236.5,
    "top1": 0.013888888888888888,
    "kl_ontask": 1.4849461594389544,
    "flip_frac": 0.8333333333333334
  },
  "full (donor)": {
    "n": 144,
    "exact_match": 0.08333333333333333,
    "says_source": 0.0,
    "says_other_operand": 0.0,
    "margin": 6.182291666666667,
    "delta_margin": 12.465711805555555,
    "delta_margin_lo": 8.122330729166666,
    "delta_margin_hi": 15.3125,
    "rank_to": 104.89583333333333,
    "rank_to_median": 28.0,
    "top1": 0.020833333333333332,
    "kl_ontask": 1.8923948943201039,
    "flip_frac": 1.0
  },
  "magnitude control": {
    "n": 144,
    "exact_match": 0.0,
    "says_source": 0.013888888888888888,
    "says_other_operand": 0.0,
    "margin": -0.07118055555555555,
    "delta_margin": 6.212239583333333,
    "delta_margin_lo": 3.9479166666666665,
    "delta_margin_hi": 7.970338541666667,
    "rank_to": 1669.6319444444443,
    "rank_to_median": 793.0,
    "top1": 0.0,
    "kl_ontask": 1.3028205953952339,
    "flip_frac": 0.4166666666666667
  },
  "_meta": {
    "tag": "8b",
    "domain": "animals",
    "scope": "band",
    "ws": [
      14,
      16,
      17,
      18,
      20,
      21,
      23,
      24,
      26,
      27,
      28,
      30,
      31
    ],
    "n_cells": 144,
    "clean_exact_from": 0.08333333333333333,
    "clean_exact_to": 0.0,
    "clean_margin": -6.283420138888889,
    "clean_rank_to": 3047.7361111111113,
    "bootstrap_unit": "operator (dyadic node), operands nested; CIs on \u0394margin"
  }
}