{
  "operator only": {
    "n": 224,
    "exact_match": 0.17410714285714285,
    "says_source": 0.15625,
    "says_other_operand": 0.017857142857142856,
    "margin": 6.184988839285714,
    "delta_margin": 14.114536830357142,
    "delta_margin_lo": 10.222949218750001,
    "delta_margin_hi": 17.242529296875,
    "rank_to": 203.10714285714286,
    "rank_to_median": 100.5,
    "top1": 0.0,
    "kl_ontask": 5.723530029079744,
    "flip_frac": 1.0
  },
  "operand only": {
    "n": 224,
    "exact_match": 0.044642857142857144,
    "says_source": 0.41964285714285715,
    "says_other_operand": 0.0,
    "margin": -0.14118303571428573,
    "delta_margin": 7.788364955357143,
    "delta_margin_lo": 5.676234654017858,
    "delta_margin_hi": 9.55927734375,
    "rank_to": 335.875,
    "rank_to_median": 44.0,
    "top1": 0.0,
    "kl_ontask": 1.483072618022561,
    "flip_frac": 0.5
  },
  "operator + operand": {
    "n": 224,
    "exact_match": 0.6205357142857143,
    "says_source": 0.12053571428571429,
    "says_other_operand": 0.013392857142857142,
    "margin": 6.792550223214286,
    "delta_margin": 14.722098214285714,
    "delta_margin_lo": 10.538395182291666,
    "delta_margin_hi": 18.207128906249995,
    "rank_to": 82.21875,
    "rank_to_median": 1.0,
    "top1": 0.45535714285714285,
    "kl_ontask": 4.511519582143852,
    "flip_frac": 0.9
  },
  "operator + operand (held-out cell)": {
    "n": 224,
    "exact_match": 0.5044642857142857,
    "says_source": 0.125,
    "says_other_operand": 0.008928571428571428,
    "margin": 5.254464285714286,
    "delta_margin": 13.184012276785714,
    "delta_margin_lo": 9.309895833333334,
    "delta_margin_hi": 16.382356770833333,
    "rank_to": 97.97321428571429,
    "rank_to_median": 2.0,
    "top1": 0.33482142857142855,
    "kl_ontask": 3.667308275720903,
    "flip_frac": 0.8
  },
  "operator + wrong operand": {
    "n": 224,
    "exact_match": 0.15625,
    "says_source": 0.06696428571428571,
    "says_other_operand": 0.48214285714285715,
    "margin": 5.491768973214286,
    "delta_margin": 13.421316964285714,
    "delta_margin_lo": 9.655136253720238,
    "delta_margin_hi": 16.432014973958335,
    "rank_to": 659.7366071428571,
    "rank_to_median": 415.0,
    "top1": 0.0,
    "kl_ontask": 6.560026439705065,
    "flip_frac": 1.0
  },
  "interaction only": {
    "n": 224,
    "exact_match": 0.03571428571428571,
    "says_source": 0.29464285714285715,
    "says_other_operand": 0.0,
    "margin": 2.9236886160714284,
    "delta_margin": 10.853236607142858,
    "delta_margin_lo": 8.237597656250001,
    "delta_margin_hi": 12.238888113839286,
    "rank_to": 1049.2098214285713,
    "rank_to_median": 180.0,
    "top1": 0.0,
    "kl_ontask": 3.512821669557265,
    "flip_frac": 0.8
  },
  "full (donor)": {
    "n": 224,
    "exact_match": 0.6517857142857143,
    "says_source": 0.10267857142857142,
    "says_other_operand": 0.017857142857142856,
    "margin": 7.786411830357143,
    "delta_margin": 15.715959821428571,
    "delta_margin_lo": 11.456259300595237,
    "delta_margin_hi": 19.108056640625,
    "rank_to": 69.41517857142857,
    "rank_to_median": 1.0,
    "top1": 0.45982142857142855,
    "kl_ontask": 4.95187687714185,
    "flip_frac": 1.0
  },
  "magnitude control": {
    "n": 224,
    "exact_match": 0.022321428571428572,
    "says_source": 0.32589285714285715,
    "says_other_operand": 0.0,
    "margin": -0.13699776785714285,
    "delta_margin": 7.792550223214286,
    "delta_margin_lo": 5.196614583333333,
    "delta_margin_hi": 9.625818452380951,
    "rank_to": 3219.1473214285716,
    "rank_to_median": 950.5,
    "top1": 0.0,
    "kl_ontask": 3.4309708792716265,
    "flip_frac": 0.45
  },
  "_meta": {
    "tag": "8b",
    "domain": "relations",
    "scope": "band",
    "ws": [
      14,
      16,
      17,
      18,
      20,
      21,
      23,
      24,
      26,
      27,
      28,
      30,
      31
    ],
    "n_cells": 224,
    "clean_exact_from": 0.6830357142857143,
    "clean_exact_to": 0.03125,
    "clean_margin": -7.929547991071429,
    "clean_rank_to": 2996.558035714286,
    "bootstrap_unit": "operator (dyadic node), operands nested; CIs on \u0394margin"
  }
}