{
  "_meta": {
    "tag": "8b",
    "domain": "relations",
    "ws": [
      14,
      16,
      17,
      18,
      20,
      21,
      23,
      24,
      26,
      27,
      28,
      30,
      31
    ],
    "mid_layer": 23,
    "alpha_band": 4.0,
    "span_variant": "answers",
    "k": 8,
    "exclusions": [
      {
        "relation": "capital",
        "operand": "Mexico",
        "answer": "Mexico",
        "collides_with": "Mexico"
      }
    ],
    "note": "swap split on span{gamma*W_U[t]: t in A_frm u A_to}; patch split on A_to; wrong_span = dv projected on the other relations' span, norm-matched to dv_ans; rand_span = random in pair span, norm-matched to dv_ans."
  },
  "1L-mid/ans": {
    "n": 224,
    "delta_margin": {
      "mean": 0.8395647321428571,
      "lo": 0.4869791666666667,
      "hi": 1.0843703497023809
    },
    "flip_frac": 0.0,
    "top1": 0.0,
    "exact_match": 0.04017857142857143,
    "kl_ontask_median": 0.003283044556155801,
    "class_target": 0.04017857142857143
  },
  "1L-mid/full": {
    "n": 224,
    "delta_margin": {
      "mean": 13.163643973214286,
      "lo": 9.016048177083333,
      "hi": 17.051432291666664
    },
    "flip_frac": 0.9,
    "top1": 0.35714285714285715,
    "exact_match": 0.5223214285714286,
    "kl_ontask_median": 3.663421392440796,
    "class_target": 0.5223214285714286
  },
  "1L-mid/rest": {
    "n": 224,
    "delta_margin": {
      "mean": 11.555803571428571,
      "lo": 7.995947265625,
      "hi": 15.059651692708332
    },
    "flip_frac": 0.85,
    "top1": 0.29464285714285715,
    "exact_match": 0.45982142857142855,
    "kl_ontask_median": 3.404763340950012,
    "class_target": 0.45982142857142855
  },
  "band/ans": {
    "n": 224,
    "delta_margin": {
      "mean": 65.69154575892857,
      "lo": 51.89687034970238,
      "hi": 79.69769345238095
    },
    "flip_frac": 1.0,
    "top1": 0.0625,
    "exact_match": 0.09375,
    "kl_ontask_median": 37.616634368896484,
    "class_target": 0.09375
  },
  "band/full": {
    "n": 224,
    "delta_margin": {
      "mean": 33.200308663504465,
      "lo": 23.59658777146112,
      "hi": 41.5197265625
    },
    "flip_frac": 1.0,
    "top1": 0.017857142857142856,
    "exact_match": 0.017857142857142856,
    "kl_ontask_median": 30.468083381652832,
    "class_target": 0.017857142857142856
  },
  "band/rand_span0": {
    "n": 224,
    "delta_margin": {
      "mean": 6.0810546875,
      "lo": -2.323990885416666,
      "hi": 14.251912434895832
    },
    "flip_frac": 0.45,
    "top1": 0.04017857142857143,
    "exact_match": 0.03571428571428571,
    "kl_ontask_median": 11.128544330596924,
    "class_target": 0.03571428571428571
  },
  "band/rand_span1": {
    "n": 224,
    "delta_margin": {
      "mean": 7.932896205357143,
      "lo": -2.4005541604662697,
      "hi": 17.00849376860119
    },
    "flip_frac": 0.55,
    "top1": 0.05357142857142857,
    "exact_match": 0.07142857142857142,
    "kl_ontask_median": 12.809794902801514,
    "class_target": 0.07142857142857142
  },
  "band/rest": {
    "n": 224,
    "delta_margin": {
      "mean": 9.62054443359375,
      "lo": 6.395766993931362,
      "hi": 11.381892903645833
    },
    "flip_frac": 0.9,
    "top1": 0.0,
    "exact_match": 0.0,
    "kl_ontask_median": 24.48920440673828,
    "class_target": 0.0
  },
  "band/wrong_span": {
    "n": 224,
    "delta_margin": {
      "mean": 24.190438406808035,
      "lo": 6.117085774739583,
      "hi": 37.33162740071614
    },
    "flip_frac": 0.7,
    "top1": 0.0,
    "exact_match": 0.0,
    "kl_ontask_median": 22.705273628234863,
    "class_target": 0.0
  },
  "patch/ans": {
    "n": 224,
    "delta_margin": {
      "mean": 11.188755580357142,
      "lo": 7.978929501488095,
      "hi": 14.094335937499999
    },
    "flip_frac": 0.75,
    "top1": 0.27232142857142855,
    "exact_match": 0.29464285714285715,
    "kl_ontask_median": 1.5442705154418945,
    "class_target": 0.29464285714285715,
    "forced_choice_target": 0.6026785714285714
  },
  "patch/full": {
    "n": 224,
    "delta_margin": {
      "mean": 14.722098214285714,
      "lo": 10.538395182291666,
      "hi": 18.207128906249995
    },
    "flip_frac": 0.9,
    "top1": 0.45535714285714285,
    "exact_match": 0.7767857142857143,
    "kl_ontask_median": 4.375743865966797,
    "class_target": 0.7767857142857143,
    "forced_choice_target": 0.7767857142857143
  },
  "patch/rest": {
    "n": 224,
    "delta_margin": {
      "mean": 12.517578125,
      "lo": 8.767789713541667,
      "hi": 15.367594401041664
    },
    "flip_frac": 0.7,
    "top1": 0.1875,
    "exact_match": 0.5446428571428571,
    "kl_ontask_median": 4.139087677001953,
    "class_target": 0.5446428571428571,
    "forced_choice_target": 0.5714285714285714
  },
  "_additivity_band": {
    "mean_abs_residual": 42.21718052455357,
    "mean_full": 33.200308663504465
  },
  "_ans_energy_share_band": {
    "capital->continent": 0.04786400325502311,
    "capital->currency": 0.09839486201361194,
    "capital->demonym": 0.07632582676123409,
    "capital->language": 0.0926629925831388,
    "continent->capital": 0.04786400325502311,
    "continent->currency": 0.03894583040094556,
    "continent->demonym": 0.01595687285532111,
    "continent->language": 0.03413066957740886,
    "currency->capital": 0.09839486201361194,
    "currency->continent": 0.03894583040094556,
    "currency->demonym": 0.03763159981308468,
    "currency->language": 0.06707171818139093,
    "demonym->capital": 0.07632582676123409,
    "demonym->continent": 0.01595687285532111,
    "demonym->currency": 0.03763159981308468,
    "demonym->language": 0.020551387512100946,
    "language->capital": 0.0926629925831388,
    "language->continent": 0.03413066957740886,
    "language->currency": 0.06707171818139093,
    "language->demonym": 0.020551387512100946
  }
}