{
  "margin_pp": 5.0,
  "composed - donor": {
    "n_cells": 224,
    "diff": -0.03125,
    "ci95": [
      -0.125,
      0.05208333333333333
    ],
    "ci90": [
      -0.10416666666666666,
      0.03240740740740741
    ],
    "tost_equivalent_5pp": false
  },
  "full - composed (interaction adds?)": {
    "n_cells": 224,
    "diff": 0.03125,
    "ci95": [
      -0.05208333333333333,
      0.125
    ],
    "ci90": [
      -0.03240740740740741,
      0.10416666666666666
    ],
    "tost_equivalent_5pp": false
  },
  "composed - clean ceiling": {
    "n_cells": 224,
    "diff": -0.0625,
    "ci95": [
      -0.20833333333333334,
      0.0625
    ],
    "ci90": [
      -0.17857142857142858,
      0.041666666666666664
    ],
    "tost_equivalent_5pp": false
  },
  "held-out composed - donor": {
    "n_cells": 224,
    "diff": -0.14732142857142858,
    "ci95": [
      -0.2708333333333333,
      -0.05357142857142857
    ],
    "ci90": [
      -0.25,
      -0.07291666666666666
    ],
    "tost_equivalent_5pp": false
  },
  "loo_operator": {
    "currency": {
      "contrast": 25.852630615234375,
      "lo": 14.06640625,
      "hi": 32.083544921875,
      "flip_frac": 1.0,
      "n_pairs": 12
    },
    "capital": {
      "contrast": 23.250839233398438,
      "lo": 13.93189697265625,
      "hi": 30.34168294270833,
      "flip_frac": 1.0,
      "n_pairs": 12
    },
    "language": {
      "contrast": 24.67026095920139,
      "lo": 17.276411946614584,
      "hi": 36.65392252604166,
      "flip_frac": 1.0,
      "n_pairs": 12
    },
    "demonym": {
      "contrast": 28.883951822916668,
      "lo": 22.54554443359375,
      "hi": 36.65392252604166,
      "flip_frac": 1.0,
      "n_pairs": 12
    },
    "continent": {
      "contrast": 27.131332397460938,
      "lo": 13.9609375,
      "hi": 36.38688151041667,
      "flip_frac": 1.0,
      "n_pairs": 12
    },
    "_range": [
      23.250839233398438,
      28.883951822916668
    ]
  }
}