{
  "operator only": {
    "n": 224,
    "exact_match": 0.45982142857142855,
    "says_source": 0.22767857142857142,
    "says_other_operand": 0.008928571428571428,
    "margin": 5.436104910714286,
    "delta_margin": 13.365652901785714,
    "delta_margin_lo": 9.240113467261905,
    "delta_margin_hi": 17.14183872767857,
    "rank_to": 94.47321428571429,
    "rank_to_median": 2.0,
    "top1": 0.3705357142857143,
    "kl_ontask": 4.002552147954702,
    "flip_frac": 0.9
  },
  "operand only": {
    "n": 224,
    "exact_match": 0.03125,
    "says_source": 0.4642857142857143,
    "says_other_operand": 0.0,
    "margin": -4.7783203125,
    "delta_margin": 3.1512276785714284,
    "delta_margin_lo": 1.80791015625,
    "delta_margin_hi": 4.718196614583332,
    "rank_to": 884.0758928571429,
    "rank_to_median": 128.5,
    "top1": 0.0,
    "kl_ontask": 0.6967601749181215,
    "flip_frac": 0.1
  },
  "operator + operand": {
    "n": 224,
    "exact_match": 0.4732142857142857,
    "says_source": 0.21428571428571427,
    "says_other_operand": 0.008928571428571428,
    "margin": 5.434709821428571,
    "delta_margin": 13.3642578125,
    "delta_margin_lo": 9.221354166666666,
    "delta_margin_hi": 17.18608630952381,
    "rank_to": 89.75,
    "rank_to_median": 2.0,
    "top1": 0.38839285714285715,
    "kl_ontask": 3.9779822629477297,
    "flip_frac": 0.9
  },
  "operator + operand (held-out cell)": {
    "n": 224,
    "exact_match": 0.4330357142857143,
    "says_source": 0.23660714285714285,
    "says_other_operand": 0.008928571428571428,
    "margin": 4.098772321428571,
    "delta_margin": 12.0283203125,
    "delta_margin_lo": 7.975890531994047,
    "delta_margin_hi": 15.680701264880952,
    "rank_to": 76.125,
    "rank_to_median": 2.0,
    "top1": 0.35714285714285715,
    "kl_ontask": 3.314685674916421,
    "flip_frac": 0.9
  },
  "operator + wrong operand": {
    "n": 224,
    "exact_match": 0.44642857142857145,
    "says_source": 0.21428571428571427,
    "says_other_operand": 0.013392857142857142,
    "margin": 5.428152901785714,
    "delta_margin": 13.357700892857142,
    "delta_margin_lo": 9.236165364583334,
    "delta_margin_hi": 17.14972330729167,
    "rank_to": 107.23214285714286,
    "rank_to_median": 2.0,
    "top1": 0.35267857142857145,
    "kl_ontask": 4.001949764788151,
    "flip_frac": 0.9
  },
  "interaction only": {
    "n": 224,
    "exact_match": 0.03571428571428571,
    "says_source": 0.45089285714285715,
    "says_other_operand": 0.0,
    "margin": -4.591796875,
    "delta_margin": 3.3377511160714284,
    "delta_margin_lo": 1.9850213913690475,
    "delta_margin_hi": 4.905940755208333,
    "rank_to": 878.1473214285714,
    "rank_to_median": 132.0,
    "top1": 0.004464285714285714,
    "kl_ontask": 0.8053158766623321,
    "flip_frac": 0.1
  },
  "full (donor)": {
    "n": 224,
    "exact_match": 0.45089285714285715,
    "says_source": 0.23660714285714285,
    "says_other_operand": 0.008928571428571428,
    "margin": 5.413225446428571,
    "delta_margin": 13.3427734375,
    "delta_margin_lo": 9.158968098958333,
    "delta_margin_hi": 17.048551432291667,
    "rank_to": 82.41964285714286,
    "rank_to_median": 2.0,
    "top1": 0.3705357142857143,
    "kl_ontask": 3.9957733705107654,
    "flip_frac": 0.9
  },
  "magnitude control": {
    "n": 224,
    "exact_match": 0.026785714285714284,
    "says_source": 0.41964285714285715,
    "says_other_operand": 0.0,
    "margin": -4.367466517857143,
    "delta_margin": 3.5620814732142856,
    "delta_margin_lo": 2.3639764694940477,
    "delta_margin_hi": 4.932047526041665,
    "rank_to": 1064.9732142857142,
    "rank_to_median": 135.5,
    "top1": 0.0,
    "kl_ontask": 0.8712508721842563,
    "flip_frac": 0.05
  },
  "_meta": {
    "tag": "8b",
    "domain": "relations",
    "scope": "single",
    "ws": [
      23
    ],
    "n_cells": 224,
    "clean_exact_from": 0.6830357142857143,
    "clean_exact_to": 0.03125,
    "clean_margin": -7.929547991071429,
    "clean_rank_to": 2996.558035714286,
    "bootstrap_unit": "operator (dyadic node), operands nested; CIs on \u0394margin"
  }
}