{
  "induction_baseline": {
    "logprob_repeat": -0.7102864583333334,
    "logprob_control": -12.877604166666666,
    "induction_score": 12.167317708333332
  },
  "regions": {
    "head": {
      "operator": {
        "k": 16,
        "layer_entropy": 0.438590166012104,
        "random_layer_entropy": 0.7540529165773467,
        "top3_layer_share": 0.8125,
        "center_of_mass_depth": 86.80555555555556,
        "bands": {
          "early": 0.0,
          "workspace": 0.6875,
          "late": 0.3125
        },
        "layer_profile": {
          "20": 2,
          "22": 6,
          "23": 3,
          "26": 1,
          "27": 4
        }
      },
      "operand": {
        "k": 16,
        "layer_entropy": 0.5524116911037061,
        "random_layer_entropy": 0.7540529165773467,
        "top3_layer_share": 0.625,
        "center_of_mass_depth": 86.34259259259258,
        "bands": {
          "early": 0.0625,
          "workspace": 0.4375,
          "late": 0.5
        },
        "layer_profile": {
          "6": 1,
          "16": 1,
          "23": 2,
          "24": 4,
          "25": 2,
          "26": 3,
          "27": 3
        }
      },
      "operator_entity": {
        "k": 16,
        "layer_entropy": 0.6304171652323971,
        "random_layer_entropy": 0.7540529165773467,
        "top3_layer_share": 0.5,
        "center_of_mass_depth": 82.17592592592592,
        "bands": {
          "early": 0.0,
          "workspace": 0.6875,
          "late": 0.3125
        },
        "layer_profile": {
          "17": 3,
          "19": 2,
          "20": 1,
          "22": 2,
          "23": 2,
          "24": 1,
          "25": 1,
          "26": 1,
          "27": 3
        }
      },
      "operand_entity": {
        "k": 16,
        "layer_entropy": 0.5882277420666172,
        "random_layer_entropy": 0.7540529165773467,
        "top3_layer_share": 0.5625,
        "center_of_mass_depth": 86.3425925925926,
        "bands": {
          "early": 0.0,
          "workspace": 0.625,
          "late": 0.375
        },
        "layer_profile": {
          "18": 1,
          "19": 1,
          "20": 1,
          "22": 2,
          "23": 2,
          "24": 3,
          "25": 2,
          "26": 4
        }
      },
      "induction": {
        "k": 16,
        "layer_entropy": 0.7182368656144357,
        "random_layer_entropy": 0.7540529165773467,
        "top3_layer_share": 0.4375,
        "center_of_mass_depth": 55.78703703703704,
        "bands": {
          "early": 0.25,
          "workspace": 0.75,
          "late": 0.0
        },
        "layer_profile": {
          "3": 1,
          "6": 2,
          "8": 1,
          "12": 1,
          "14": 1,
          "15": 1,
          "16": 2,
          "18": 1,
          "20": 3,
          "21": 1,
          "22": 1,
          "24": 1
        }
      },
      "text_symbolic": {
        "k": 16,
        "layer_entropy": 0.6564189899419608,
        "random_layer_entropy": 0.7540529165773467,
        "top3_layer_share": 0.5,
        "center_of_mass_depth": 21.52777777777778,
        "bands": {
          "early": 0.6875,
          "workspace": 0.1875,
          "late": 0.0
        },
        "layer_profile": {
          "0": 3,
          "1": 1,
          "2": 3,
          "3": 1,
          "4": 1,
          "5": 2,
          "10": 2,
          "15": 1,
          "16": 1,
          "18": 1
        }
      },
      "symbolic_text": {
        "k": 16,
        "layer_entropy": 0.6922350409048719,
        "random_layer_entropy": 0.7540529165773467,
        "top3_layer_share": 0.4375,
        "center_of_mass_depth": 37.5,
        "bands": {
          "early": 0.5,
          "workspace": 0.3125,
          "late": 0.125
        },
        "layer_profile": {
          "0": 3,
          "2": 1,
          "3": 2,
          "4": 1,
          "7": 1,
          "10": 1,
          "11": 1,
          "15": 1,
          "17": 2,
          "19": 1,
          "27": 2
        }
      }
    },
    "neuron": {
      "operator": {
        "k": 512,
        "layer_entropy": 0.6395201248464633,
        "random_layer_entropy": 0.9904062751395887,
        "top3_layer_share": 0.5,
        "center_of_mass_depth": 89.19994212962965,
        "bands": {
          "early": 0.0,
          "workspace": 0.5,
          "late": 0.5
        },
        "layer_profile": {
          "17": 6,
          "18": 3,
          "19": 14,
          "20": 22,
          "21": 33,
          "22": 48,
          "23": 59,
          "24": 71,
          "25": 78,
          "26": 97,
          "27": 81
        }
      },
      "operand": {
        "k": 512,
        "layer_entropy": 0.5934959656704616,
        "random_layer_entropy": 0.9904062751395887,
        "top3_layer_share": 0.5703125,
        "center_of_mass_depth": 90.0462962962963,
        "bands": {
          "early": 0.0,
          "workspace": 0.486328125,
          "late": 0.513671875
        },
        "layer_profile": {
          "19": 2,
          "20": 16,
          "21": 38,
          "22": 42,
          "23": 63,
          "24": 88,
          "25": 90,
          "26": 114,
          "27": 59
        }
      },
      "operator_entity": {
        "k": 512,
        "layer_entropy": 0.6902466358889522,
        "random_layer_entropy": 0.9904062751395887,
        "top3_layer_share": 0.4609375,
        "center_of_mass_depth": 86.63194444444446,
        "bands": {
          "early": 0.0,
          "workspace": 0.5390625,
          "late": 0.4609375
        },
        "layer_profile": {
          "13": 1,
          "15": 3,
          "16": 2,
          "17": 9,
          "18": 18,
          "19": 29,
          "20": 40,
          "21": 52,
          "22": 36,
          "23": 31,
          "24": 55,
          "25": 67,
          "26": 97,
          "27": 72
        }
      },
      "operand_entity": {
        "k": 512,
        "layer_entropy": 0.706510175874056,
        "random_layer_entropy": 0.9904062751395887,
        "top3_layer_share": 0.373046875,
        "center_of_mass_depth": 84.01331018518519,
        "bands": {
          "early": 0.0,
          "workspace": 0.666015625,
          "late": 0.333984375
        },
        "layer_profile": {
          "16": 6,
          "17": 12,
          "18": 17,
          "19": 51,
          "20": 54,
          "21": 48,
          "22": 47,
          "23": 46,
          "24": 60,
          "25": 67,
          "26": 64,
          "27": 40
        }
      },
      "induction": {
        "k": 512,
        "layer_entropy": 0.8297481267920431,
        "random_layer_entropy": 0.9904062751395887,
        "top3_layer_share": 0.3828125,
        "center_of_mass_depth": 57.168692129629626,
        "bands": {
          "early": 0.06640625,
          "workspace": 0.853515625,
          "late": 0.044921875
        },
        "layer_profile": {
          "2": 3,
          "3": 3,
          "5": 9,
          "6": 8,
          "7": 6,
          "8": 5,
          "9": 9,
          "10": 9,
          "11": 17,
          "12": 23,
          "13": 40,
          "14": 60,
          "15": 69,
          "16": 67,
          "17": 52,
          "18": 41,
          "19": 25,
          "20": 19,
          "21": 11,
          "22": 6,
          "23": 2,
          "24": 5,
          "25": 4,
          "26": 7,
          "27": 12
        }
      },
      "text_symbolic": {
        "k": 512,
        "layer_entropy": 0.967005064318307,
        "random_layer_entropy": 0.9904062751395887,
        "top3_layer_share": 0.1953125,
        "center_of_mass_depth": 46.65075231481481,
        "bands": {
          "early": 0.34375,
          "workspace": 0.55078125,
          "late": 0.056640625
        },
        "layer_profile": {
          "0": 33,
          "1": 22,
          "2": 25,
          "3": 29,
          "4": 20,
          "5": 14,
          "6": 8,
          "7": 15,
          "8": 10,
          "9": 9,
          "10": 16,
          "11": 8,
          "12": 23,
          "13": 20,