{
  "induction_baseline": {
    "logprob_repeat": -0.6763509114583334,
    "logprob_control": -12.6015625,
    "induction_score": 11.925211588541666
  },
  "regions": {
    "head": {
      "operator": {
        "k": 16,
        "layer_entropy": 0.5136707131126067,
        "random_layer_entropy": 0.7495273140169244,
        "top3_layer_share": 0.625,
        "center_of_mass_depth": 91.96428571428571,
        "bands": {
          "early": 0.0,
          "workspace": 0.5,
          "late": 0.5
        },
        "layer_profile": {
          "26": 1,
          "29": 2,
          "31": 3,
          "32": 2,
          "33": 1,
          "34": 4,
          "35": 3
        }
      },
      "operand": {
        "k": 16,
        "layer_entropy": 0.4986183610778918,
        "random_layer_entropy": 0.7495273140169244,
        "top3_layer_share": 0.6875,
        "center_of_mass_depth": 90.0,
        "bands": {
          "early": 0.0,
          "workspace": 0.5625,
          "late": 0.4375
        },
        "layer_profile": {
          "20": 1,
          "28": 1,
          "31": 4,
          "32": 3,
          "33": 4,
          "34": 1,
          "35": 2
        }
      },
      "operator_entity": {
        "k": 16,
        "layer_entropy": 0.5227966615300507,
        "random_layer_entropy": 0.7495273140169244,
        "top3_layer_share": 0.5625,
        "center_of_mass_depth": 88.39285714285714,
        "bands": {
          "early": 0.0,
          "workspace": 0.625,
          "late": 0.375
        },
        "layer_profile": {
          "26": 2,
          "27": 2,
          "28": 2,
          "31": 1,
          "32": 3,
          "34": 4,
          "35": 2
        }
      },
      "operand_entity": {
        "k": 16,
        "layer_entropy": 0.6528141122082889,
        "random_layer_entropy": 0.7495273140169244,
        "top3_layer_share": 0.375,
        "center_of_mass_depth": 76.78571428571428,
        "bands": {
          "early": 0.1875,
          "workspace": 0.5,
          "late": 0.3125
        },
        "layer_profile": {
          "9": 1,
          "10": 1,
          "11": 1,
          "24": 2,
          "28": 1,
          "29": 1,
          "31": 2,
          "32": 2,
          "33": 2,
          "34": 2,
          "35": 1
        }
      },
      "induction": {
        "k": 16,
        "layer_entropy": 0.6528141122082889,
        "random_layer_entropy": 0.7495273140169244,
        "top3_layer_share": 0.375,
        "center_of_mass_depth": 58.92857142857143,
        "bands": {
          "early": 0.125,
          "workspace": 0.75,
          "late": 0.0
        },
        "layer_profile": {
          "7": 2,
          "13": 2,
          "14": 1,
          "19": 1,
          "20": 1,
          "22": 1,
          "24": 2,
          "25": 2,
          "28": 1,
          "29": 2,
          "31": 1
        }
      },
      "text_symbolic": {
        "k": 16,
        "layer_entropy": 0.7011707131126067,
        "random_layer_entropy": 0.7495273140169244,
        "top3_layer_share": 0.375,
        "center_of_mass_depth": 23.214285714285715,
        "bands": {
          "early": 0.6875,
          "workspace": 0.25,
          "late": 0.0
        },
        "layer_profile": {
          "0": 2,
          "1": 1,
          "2": 2,
          "3": 2,
          "4": 1,
          "6": 1,
          "7": 1,
          "8": 1,
          "12": 1,
          "15": 1,
          "20": 1,
          "23": 1,
          "24": 1
        }
      },
      "symbolic_text": {
        "k": 16,
        "layer_entropy": 0.7495273140169244,
        "random_layer_entropy": 0.7495273140169244,
        "top3_layer_share": 0.25,
        "center_of_mass_depth": 44.464285714285715,
        "bands": {
          "early": 0.4375,
          "workspace": 0.5625,
          "late": 0.0
        },
        "layer_profile": {
          "1": 1,
          "2": 1,
          "4": 2,
          "5": 1,
          "6": 1,
          "7": 1,
          "14": 1,
          "19": 1,
          "22": 1,
          "23": 1,
          "25": 1,
          "26": 1,
          "28": 1,
          "31": 1,
          "32": 1
        }
      }
    },
    "neuron": {
      "operator": {
        "k": 512,
        "layer_entropy": 0.6008163987268725,
        "random_layer_entropy": 0.9918424753726881,
        "top3_layer_share": 0.56640625,
        "center_of_mass_depth": 91.72991071428572,
        "bands": {
          "early": 0.009765625,
          "workspace": 0.423828125,
          "late": 0.56640625
        },
        "layer_profile": {
          "8": 1,
          "9": 2,
          "10": 1,
          "11": 1,
          "23": 2,
          "24": 4,
          "25": 5,
          "26": 2,
          "27": 18,
          "28": 24,
          "29": 23,
          "30": 46,
          "31": 35,
          "32": 58,
          "33": 69,
          "34": 86,
          "35": 135
        }
      },
      "operand": {
        "k": 512,
        "layer_entropy": 0.5617436763499515,
        "random_layer_entropy": 0.9918424753726881,
        "top3_layer_share": 0.58203125,
        "center_of_mass_depth": 91.67410714285714,
        "bands": {
          "early": 0.0,
          "workspace": 0.564453125,
          "late": 0.435546875
        },
        "layer_profile": {
          "24": 1,
          "25": 1,
          "26": 4,
          "27": 6,
          "28": 15,
          "29": 24,
          "30": 32,
          "31": 104,
          "32": 102,
          "33": 92,
          "34": 72,
          "35": 59
        }
      },
      "operator_entity": {
        "k": 512,
        "layer_entropy": 0.5832615089154348,
        "random_layer_entropy": 0.9918424753726881,
        "top3_layer_share": 0.630859375,
        "center_of_mass_depth": 92.67857142857142,
        "bands": {
          "early": 0.001953125,
          "workspace": 0.3671875,
          "late": 0.630859375
        },
        "layer_profile": {
          "11": 1,
          "20": 1,
          "22": 2,
          "23": 5,
          "24": 3,
          "25": 3,
          "26": 9,
          "27": 12,
          "28": 18,
          "29": 28,
          "30": 27,
          "31": 39,
          "32": 41,
          "33": 63,
          "34": 113,
          "35": 147
        }
      },
      "operand_entity": {
        "k": 512,
        "layer_entropy": 0.770801183346122,
        "random_layer_entropy": 0.9918424753726881,
        "top3_layer_share": 0.314453125,
        "center_of_mass_depth": 80.96540178571429,
        "bands": {
          "early": 0.0703125,
          "workspace": 0.62890625,
          "late": 0.30078125
        },
        "layer_profile": {
          "1": 9,
          "3": 1,
          "4": 3,
          "5": 1,
          "7": 1,
          "8": 12,
          "9": 2,
          "10": 5,
          "11": 2,
          "20": 1,
          "21": 5,
          "22": 22,
          "23": 17,
          "24": 12,
          "25": 13,
          "26": 12,
          "27": 27,
          "28": 47,
          "29": 31,
          "30": 40,
          "31": 56,
          "32": 39,
          "33": 51,
          "34": 54,
          "35": 49
        }
      },
      "induction": {
        "k": 512,
        "layer_entropy": 0.822500353604743,
        "random_layer_entropy": 0.9918424753726881,
        "top3_layer_share": 0.359375,
        "center_of_mass_depth": 58.59375,
        "bands": {
          "early": 0.033203125,
          "workspace": 0.849609375,
          "late": 0.0546875
        },
        "layer_profile": {
          "3": 1,
          "7": 4,
          "8": 1,
          "9": 4,
          "10": 3,
          "11": 4,
          "12": 10,
          "13": 22,
          "14": 21,
          "15": 16,
          "16": 21,
          "17": 26,
          "18": 28,
          "19": 35,
          "20": 54,
          "21": 71,
          "22": 59,
          "23": 32,
          "24": 17,
          "25": 21,
          "26": 7,
          "27": 4,
          "28": 7,
          "29": 4,
          "30": 4,
          "31": 4,